{"cameraMode":{"drawMode":0,"name":"Shaded","section":"Shading Mode"},"sceneLighting":false,"audioPlay":false,"sceneViewState":{"m_AlwaysRefresh":false,"showFog":true,"showSkybox":true,"showFlares":true,"showImageEffects":true,"showParticleSystems":true,"showVisualEffectGraphs":true,"m_FxEnabled":true},"in2DMode":false,"pivot":{"x":13.401603698730469,"y":9.311939239501954,"z":-38.277103424072269},"rotation":{"x":-0.036408428102731708,"y":0.9628964066505432,"z":-0.16956424713134767,"w":-0.20675978064537049},"size":0.2118125557899475,"orthographic":false}